<?xml version="1.0" encoding="utf-8"?>
<!DOCTYPE hibernate-mapping PUBLIC "-//Hibernate/Hibernate Mapping DTD 3.0//EN"
"http://www.hibernate.org/dtd/hibernate-mapping-3.0.dtd">
<!-- 
    Mapping file autogenerated by MyEclipse Persistence Tools
-->
<hibernate-mapping>
    <class name="model.Id" table="id" catalog="vaio">
        <id name="id" type="java.lang.String">
            <column name="ID" length="20" />
            <generator class="assigned" />
        </id>
        <property name="rank" type="java.lang.String">
            <column name="rank" length="100" />
        </property>
    </class>
</hibernate-mapping>
