<?xml version="1.0" encoding="utf-8"?>
<!DOCTYPE hibernate-mapping PUBLIC "-//Hibernate/Hibernate Mapping DTD 3.0//EN"
"http://www.hibernate.org/dtd/hibernate-mapping-3.0.dtd">
<!-- 
    Mapping file autogenerated by MyEclipse Persistence Tools
-->
<hibernate-mapping>
    <class name="model.Software" table="software" catalog="vaio">
        <id name="name" type="java.lang.String">
            <column name="name" length="20" />
            <generator class="assigned" />
        </id>
        <property name="info" type="java.lang.String">
            <column name="info" length="2000" />
        </property>
        <property name="date" type="java.util.Date">
            <column name="date" length="10" />
        </property>
    </class>
</hibernate-mapping>
